Unnamed: 0,enota,okraj,id,naslov
2,VE 1000 - KRANJ,VO 1001 - JESENICE,3,"Občina Kranjska Gora, Kolodvorska ul. 1b,Kr. Gora"
11,VE 1000 - KRANJ,VO 1001 - JESENICE,12,"Hiša Klinar Štefan, Plavški Rovt 14, Plavški Rovt"
13,VE 1000 - KRANJ,VO 1001 - JESENICE,14,"Zdravstveni dom Jesenice, C. m. Tita 78, Jesenice"
16,VE 1000 - KRANJ,VO 1001 - JESENICE,17,"Vrtec Angelce Ocepek, C. C. Tavčarja 3A, Jesenice"
20,VE 1000 - KRANJ,VO 1001 - JESENICE,21,"OŠ P. Stražišarja-1, Ul. V. Kejžarja 35, Jesenice"
21,VE 1000 - KRANJ,VO 1001 - JESENICE,22,"OŠ P. Stražišarja-2, Ul. V. Kejžarja 35, Jesenice"
23,VE 1000 - KRANJ,VO 1001 - JESENICE,24,"KS Podmežakla, Mencingerjeva ulica 1, Jesenice"
24,VE 1000 - KRANJ,VO 1001 - JESENICE,25,"GD Javorniški Rovt, Javorniški Rovt 17, Jav. Rovt"
29,VE 1000 - KRANJ,VO 1001 - JESENICE,30,"OŠ Blejska Dobrava, Blejska Dobrava 44,Bl.Dobrava"
146,VE 1000 - KRANJ,VO 1002 - RADOVLJICA 1,15,"Bohinjska hiša, Mencingerjeva ulica 4, Boh.Bistr."
147,VE 1000 - KRANJ,VO 1002 - RADOVLJICA 1,16,"Dom Joža Ažmana, Triglavska c. 16, Boh. Bistrica"
148,VE 1000 - KRANJ,VO 1002 - RADOVLJICA 1,17,"Gasilski dom Bitnje, Bitnje 13, Boh. Bistrica"
149,VE 1000 - KRANJ,VO 1002 - RADOVLJICA 1,18,"Gasilski dom Nomenj, Nomenj 23, Boh. Bistrica"
151,VE 1000 - KRANJ,VO 1002 - RADOVLJICA 1,20,"Gasilski dom Kamnje, Kamnje 26 a, Boh.Bistrica"
153,VE 1000 - KRANJ,VO 1002 - RADOVLJICA 1,22,"Šola na Koprivniku, Koprivnik 4, Boh. Bistrica"
154,VE 1000 - KRANJ,VO 1002 - RADOVLJICA 1,23,"Gasilski dom Gorjuše, Gorjuše 36 a, Boh.Bistrica"
155,VE 1000 - KRANJ,VO 1002 - RADOVLJICA 1,24,"Avla podružnične šole, Srednja vas 69,Sr.vas v B. "
156,VE 1000 - KRANJ,VO 1002 - RADOVLJICA 1,25,"Gasilski dom Bohinj. Češnjica, Bohin. Češnjica 79"
158,VE 1000 - KRANJ,VO 1002 - RADOVLJICA 1,27,"Center TNP Bohinj, Stara Fužina 37, B.jez."
258,VE 1000 - KRANJ,VO 1003 - RADOVLJICA 2,2,"Podružnična šola Begunje, Begunje na Gorenj. 27 b"
259,VE 1000 - KRANJ,VO 1003 - RADOVLJICA 2,3,"GASILSKO ORODIŠČE, pri hiši Konc, Dvorska vas 20a"
274,VE 1000 - KRANJ,VO 1003 - RADOVLJICA 2,18,"Športni park Rad.,soba PD, Ul.S. Žagarja 2b, Rad."
389,VE 1000 - KRANJ,VO 1004 - KRANJ 1,12,"Kokrica II, Kulturni dom Kokrica, C. na Brdo 30"
390,VE 1000 - KRANJ,VO 1004 - KRANJ 1,13,"Kokrica I, Kulturni dom Kokrica, C. na Brdo 30"
391,VE 1000 - KRANJ,VO 1004 - KRANJ 1,14,"Predoslje, Kulturni dom, Predoslje 34"
502,VE 1000 - KRANJ,VO 1005 - KRANJ 2,15,"Podreča, Krelj Thomas, Podreča 74, Mavčiče"
508,VE 1000 - KRANJ,VO 1005 - KRANJ 2,21,"Podblica, GD, Podblica 2, Zg. Besnica"
605,VE 1000 - KRANJ,VO 1006 - KRANJ 3,2,"Cerklje na Gor. I, OŠ D.Jenko,Krvavška c.4"
606,VE 1000 - KRANJ,VO 1006 - KRANJ 3,3,"Cerklje na Gor. II, OŠ D.Jenko, Krvavška c. 4"
607,VE 1000 - KRANJ,VO 1006 - KRANJ 3,4,"Češnjevek, Vaški dom, Češnjevek 11 a"
608,VE 1000 - KRANJ,VO 1006 - KRANJ 3,5,"Lahovče, Gasilski dom, Lahovče 74"
609,VE 1000 - KRANJ,VO 1006 - KRANJ 3,6,"Praprotna polica, Vaški dom Praprotna polica"
610,VE 1000 - KRANJ,VO 1006 - KRANJ 3,7,"Poženik, Vaški dom Poženik, Poženik 6"
611,VE 1000 - KRANJ,VO 1006 - KRANJ 3,8,"Spodnji Brnik, Gasilski dom, Sp.Brnik, Sp.Brnik 5a"
612,VE 1000 - KRANJ,VO 1006 - KRANJ 3,9,"Šenturška Gora, Krajevni dom, Šenturška Gora 11"
613,VE 1000 - KRANJ,VO 1006 - KRANJ 3,10,"Štefanja Gora, Gasilski dom, Štefanja Gora 30"
614,VE 1000 - KRANJ,VO 1006 - KRANJ 3,11,"Velesovo, Gasilski dom, Velesovo 53"
615,VE 1000 - KRANJ,VO 1006 - KRANJ 3,12,"Zalog, Osnovna šola, Zalog pri Cerkljah 29"
616,VE 1000 - KRANJ,VO 1006 - KRANJ 3,13,"Zgornji Brnik, Gasilski dom, Zgornji Brnik 8"
618,VE 1000 - KRANJ,VO 1006 - KRANJ 3,15,"Goriče, OŠ S. Jenko-telovadnica, Sr. vas-Goriče 1"
619,VE 1000 - KRANJ,VO 1006 - KRANJ 3,16,"Hrastje, Športni center Graben, Hrastje 209"
620,VE 1000 - KRANJ,VO 1006 - KRANJ 3,17,"Tenetiše, Dom druž. pol. org., Tenetiše 80"
621,VE 1000 - KRANJ,VO 1006 - KRANJ 3,18,"Trstenik, Dom krajevne skupnosti, Trstenik 8 a"
622,VE 1000 - KRANJ,VO 1006 - KRANJ 3,19,"Duplje, Gasilski dom Duplje, Zgornje Duplje 8"
624,VE 1000 - KRANJ,VO 1006 - KRANJ 3,21,"Naklo II, Večnamenski objekt Naklo, Stara c. 61  "
625,VE 1000 - KRANJ,VO 1006 - KRANJ 3,22,"Podbrezje, Kulturni dom, Podbrezje 147"
627,VE 1000 - KRANJ,VO 1006 - KRANJ 3,24,"Kokra, Osnovna šola, Kokra 23"
628,VE 1000 - KRANJ,VO 1006 - KRANJ 3,25,"Preddvor, Večnam. INFO center, Dvorski trg 3"
630,VE 1000 - KRANJ,VO 1006 - KRANJ 3,27,"Zgornja Bela, Dom krajanov, Zgornja Bela 67"
631,VE 1000 - KRANJ,VO 1006 - KRANJ 3,28,"Luže, Gasilski dom, Luže 27"
632,VE 1000 - KRANJ,VO 1006 - KRANJ 3,29,"Olševek, Gasilsko društvo Olševek, Olševek 18    "
633,VE 1000 - KRANJ,VO 1006 - KRANJ 3,30,"Prebačevo, Gasilski dom, Prebačevo 63"
634,VE 1000 - KRANJ,VO 1006 - KRANJ 3,31,"Srednja vas, Gasilski dom, Srednja vas pri Š. 68"
637,VE 1000 - KRANJ,VO 1006 - KRANJ 3,34,"Visoko, Dom krajanov, Visoko 67"
640,VE 1000 - KRANJ,VO 1006 - KRANJ 3,37,"Trboje, Dom krajanov, Trboje 39"
641,VE 1000 - KRANJ,VO 1006 - KRANJ 3,38,"Sp. Jezersko, Gostilna Kanonir, Sp. Jezersko 5"
642,VE 1000 - KRANJ,VO 1006 - KRANJ 3,39,"Zg. Jezersko, Korotan, Zgornje Jezersko 57"
643,VE 1000 - KRANJ,VO 1006 - KRANJ 3,40,"Hotemaže, Vaški gasilski dom, Hotemaže 80"
746,VE 1000 - KRANJ,VO 1007 - TRŽIČ,8,"Lom pod Storž., Dom krajanov, Lom pod Storžičem 56"
748,VE 1000 - KRANJ,VO 1007 - TRŽIČ,10,"Pristava, Fundacija V. Drakslerja, Pristavška 16"
753,VE 1000 - KRANJ,VO 1007 - TRŽIČ,15,"Tržič II, Društvo upokojencev Tržič,Trg svobode18"
849,VE 1000 - KRANJ,VO 1008 - ŠKOFJA LOKA 1,1,"Krajevna skupnost Godešič, Godešič 100, Šk. Loka"
852,VE 1000 - KRANJ,VO 1008 - ŠKOFJA LOKA 1,4,"OŠ Škofja Loka-Mesto, Šolska ulica 1, Šk. Loka"
854,VE 1000 - KRANJ,VO 1008 - ŠKOFJA LOKA 1,6,"Zdravstveni dom Šk. Loka, Stara cesta 10, Šk.Loka"
856,VE 1000 - KRANJ,VO 1008 - ŠKOFJA LOKA 1,8,"OŠ Cvetko Golar I., Frankovo naselje 51, Šk. Loka"
857,VE 1000 - KRANJ,VO 1008 - ŠKOFJA LOKA 1,9,"OŠ Cvetko Golar II., Frankovo naselje 51,Šk.Loka"
858,VE 1000 - KRANJ,VO 1008 - ŠKOFJA LOKA 1,10,"OŠ Cvetko Golar III., Frankovo naselje 51,Šk.Loka"
863,VE 1000 - KRANJ,VO 1008 - ŠKOFJA LOKA 1,15,"Trgovina kmečki stroji, Sv. Barbara 23, Šk. Loka"
865,VE 1000 - KRANJ,VO 1008 - ŠKOFJA LOKA 1,18,"Tržnica Škofja Loka, Partizanska cesta 1, Šk.Loka"
866,VE 1000 - KRANJ,VO 1008 - ŠKOFJA LOKA 1,20,"Zadružni dom Log nad Škofjo Loko, Log nad Šk.L.31"
869,VE 1000 - KRANJ,VO 1008 - ŠKOFJA LOKA 1,23,"Krajevna skupnost Lenart, Sv. Lenart 21, Selca"
976,VE 1000 - KRANJ,VO 1009 - ŠKOFJA LOKA 2,10,"Demšar Slavko, Dolenje Brdo 7, Poljane nad Šk.L."
986,VE 1000 - KRANJ,VO 1009 - ŠKOFJA LOKA 2,20,"Kulturni dom ŽELEZNIKI, Trnje 39, Železniki"
1099,VE 1000 - KRANJ,VO 1010 - KAMNIK,5,"KS Pšajnovica, Mali Rakitovec 15, Blagovica"
1227,VE 1000 - KRANJ,VO 1011 - IDRIJA,16,"Zgradba Makuc Stanka, v stavbi št. 2347-89"
1239,VE 1000 - KRANJ,VO 1011 - IDRIJA,36,"DU Idrija, Enota Marof, Vojkova ul. 35"
1532,VE 2000 - POSTOJNA,VO 2002 - PIRAN,11,"OŠ Sv. Peter, Sv. Peter 13, 6333 Sečovlje"
1533,VE 2000 - POSTOJNA,VO 2002 - PIRAN,12,"Dom Zmaga, Nova vas nad Dragonjo 50, 6333 Sečovlje"
1633,VE 2000 - POSTOJNA,VO 2003 - IZOLA,4,"Kulturni dom, Ul.okt. revolucije 1"
2013,VE 2000 - POSTOJNA,VO 2006 - SEŽANA,1,"Avber, bivša OŠ, Avber 41"
2014,VE 2000 - POSTOJNA,VO 2006 - SEŽANA,2,"Dane pri Sežani, Dom na Padulu, Dane 17 A"
2015,VE 2000 - POSTOJNA,VO 2006 - SEŽANA,3,"Dutovlje,  Bunčetova domačija, Dutovlje 65"
2016,VE 2000 - POSTOJNA,VO 2006 - SEŽANA,4,"Kreplje, Vaški dom, Kreplje bš"
2017,VE 2000 - POSTOJNA,VO 2006 - SEŽANA,5,"Skopo, vaška dvorana, Skopo 49"
2018,VE 2000 - POSTOJNA,VO 2006 - SEŽANA,6,"Kopriva, dvorana vaške skupnosti, Kopriva 14"
2019,VE 2000 - POSTOJNA,VO 2006 - SEŽANA,7,"Krajna vas, hiša Gec Cvetke, Krajna vas 40"
2020,VE 2000 - POSTOJNA,VO 2006 - SEŽANA,8,"Kazlje, dom KS, Kazlje 40"
2022,VE 2000 - POSTOJNA,VO 2006 - SEŽANA,10,"Pliskovica, balinarski klub, Pliskovica bš"
2023,VE 2000 - POSTOJNA,VO 2006 - SEŽANA,11,"Veliki Dol, dvorana stare OŠ, Veliki Dol 53"
2024,VE 2000 - POSTOJNA,VO 2006 - SEŽANA,13,"Povir, ZDD, Povir 24"
2025,VE 2000 - POSTOJNA,VO 2006 - SEŽANA,14,"Sedež Občine Sežana, Sežana, Partizanska c.4"
2026,VE 2000 - POSTOJNA,VO 2006 - SEŽANA,15,"Otroški vrtec, Sežana, Ul. J. Pahorja 1 "
2027,VE 2000 - POSTOJNA,VO 2006 - SEŽANA,16,"VDC Koper - Enota Sežana, Sežana, Ul. J.Pahorja 3"
2028,VE 2000 - POSTOJNA,VO 2006 - SEŽANA,17,"OŠ Sežana, Sežana, Kosovelova ul. 6"
2029,VE 2000 - POSTOJNA,VO 2006 - SEŽANA,18,"Stara OŠ, Sežana, Bazoviška c. 9"
2030,VE 2000 - POSTOJNA,VO 2006 - SEŽANA,19,"ZGRS Sežana, Sežana, Bazoviška c. 13"
2031,VE 2000 - POSTOJNA,VO 2006 - SEŽANA,20,"Dol pri Vogljah, ZDD, Dol pri Vogljah bš"
2032,VE 2000 - POSTOJNA,VO 2006 - SEŽANA,21,"Štjak, bivša OŠ, Štjak 40"
2033,VE 2000 - POSTOJNA,VO 2006 - SEŽANA,22,"Štorje, ZDD, Štorje 26"
2034,VE 2000 - POSTOJNA,VO 2006 - SEŽANA,23,"Tomaj, sedež KS - balinišče, Tomaj bš"
2035,VE 2000 - POSTOJNA,VO 2006 - SEŽANA,24,"Križ, Vaški dom, Križ 2"
2036,VE 2000 - POSTOJNA,VO 2006 - SEŽANA,25,"Tabor, OŠ, Tabor 9"
2038,VE 2000 - POSTOJNA,VO 2006 - SEŽANA,27,"Gabrovica pri Komnu 47, prostori vaške skupnosti"
2039,VE 2000 - POSTOJNA,VO 2006 - SEŽANA,28,"Volčji Grad, vaška hiša, Volčji Grad št. 24"
2040,VE 2000 - POSTOJNA,VO 2006 - SEŽANA,29,"Tomačevica, vaški dom, Tomačevica bš"
2041,VE 2000 - POSTOJNA,VO 2006 - SEŽANA,30,"Sveto, stara OŠ, Sveto 68"
2042,VE 2000 - POSTOJNA,VO 2006 - SEŽANA,31,"Škrbina, stara OŠ, Škrbina bš"
2043,VE 2000 - POSTOJNA,VO 2006 - SEŽANA,32,"Ivanji Grad, vaški dom, Ivanji Grad bš"
2044,VE 2000 - POSTOJNA,VO 2006 - SEŽANA,33,"Brje pri Komnu, vaški dom, Brje pri Komnu bš"
2045,VE 2000 - POSTOJNA,VO 2006 - SEŽANA,34,"Gorjansko, ZDD, Gorjansko 84 b"
2046,VE 2000 - POSTOJNA,VO 2006 - SEŽANA,35,"Brestovica pri Komnu 55, prostori vaške skupnosti"
2047,VE 2000 - POSTOJNA,VO 2006 - SEŽANA,36,"Štanjel, ZDD, Štanjel 59 A"
2048,VE 2000 - POSTOJNA,VO 2006 - SEŽANA,37,"Kodreti, Vaška skupnost Gornja Branica,Kodreti 10"
2049,VE 2000 - POSTOJNA,VO 2006 - SEŽANA,38,"Kobjeglava, VS Tupelče Kobjeglava, Kobjeglava 75"
2050,VE 2000 - POSTOJNA,VO 2006 - SEŽANA,39,"Hruševica, vaški dom, Hruševica bš"
2051,VE 2000 - POSTOJNA,VO 2006 - SEŽANA,40,"Divača  OŠ, Ul. dr. B. Magajne 4, Divača"
2052,VE 2000 - POSTOJNA,VO 2006 - SEŽANA,41,"Dolnje Ležeče, vaški dom, Dolnje Ležeče bš"
2053,VE 2000 - POSTOJNA,VO 2006 - SEŽANA,42,"Naklo, vaški dom,  Naklo bš"
2054,VE 2000 - POSTOJNA,VO 2006 - SEŽANA,43,"Dane pri Divači, vaški dom, Dane pri Divači bš"
2055,VE 2000 - POSTOJNA,VO 2006 - SEŽANA,44,"Famlje, v dvorani Rudnik Vreme, Famlje 2 a"
2056,VE 2000 - POSTOJNA,VO 2006 - SEŽANA,45,"Gornje Ležeče, v hiši Jožeta Čeperja, G.Ležeče 16"
2057,VE 2000 - POSTOJNA,VO 2006 - SEŽANA,46,"Barka, stara OŠ, Barka 33"
2058,VE 2000 - POSTOJNA,VO 2006 - SEŽANA,47,"Vareje, vaški dom, Vareje bš"
2059,VE 2000 - POSTOJNA,VO 2006 - SEŽANA,48,"Senožeče, VD R. Cvetka, Senožeče bš"
2060,VE 2000 - POSTOJNA,VO 2006 - SEŽANA,49,"Dolenja vas, v ZDD, Dolenja vas 11"
2061,VE 2000 - POSTOJNA,VO 2006 - SEŽANA,50,"Hrpelje, vaški dom Hrpelje, Na  Gorici 2a"
2062,VE 2000 - POSTOJNA,VO 2006 - SEŽANA,51,"Tublje pri Hrpeljah, Gostilna Križman, Tublje  24"
2063,VE 2000 - POSTOJNA,VO 2006 - SEŽANA,52,"Krvavi Potok, vaški dom, Krvavi Potok 16 h"
2065,VE 2000 - POSTOJNA,VO 2006 - SEŽANA,54,"Vrhpolje, vaški dom, Vrhpolje 9 b"
2066,VE 2000 - POSTOJNA,VO 2006 - SEŽANA,55,"Artviže, vaški dom, Artviže 6a"
2067,VE 2000 - POSTOJNA,VO 2006 - SEŽANA,56,"Gradišče pri Materiji, prostori KS, Gradišče 42 a"
2068,VE 2000 - POSTOJNA,VO 2006 - SEŽANA,57,"Bač pri Materiji, GD, Bač pri Materiji 28b"
2069,VE 2000 - POSTOJNA,VO 2006 - SEŽANA,58,"Brezovica, vaški dom, Brezovica 9"
2070,VE 2000 - POSTOJNA,VO 2006 - SEŽANA,59,"Ocizla, vaška hiša, Ocizla bš"
2071,VE 2000 - POSTOJNA,VO 2006 - SEŽANA,60,"Obrov, prostori balinišča, Obrov 62 d"
2072,VE 2000 - POSTOJNA,VO 2006 - SEŽANA,61,"Prešnica, OŠ, Prešnica 2"
2073,VE 2000 - POSTOJNA,VO 2006 - SEŽANA,62,"Rodik, vaški dom, Rodik 6"
2074,VE 2000 - POSTOJNA,VO 2006 - SEŽANA,63,"Slivje, prostori KS, Slivje 1"
2075,VE 2000 - POSTOJNA,VO 2006 - SEŽANA,64,"Tatre, vaški dom, Tatre 2"
2076,VE 2000 - POSTOJNA,VO 2006 - SEŽANA,68,"Klanec pri Kozini, vaški dom, Klanec pri Kozini 32"
2077,VE 2000 - POSTOJNA,VO 2006 - SEŽANA,69,"Javorje, vaški dom, Javorje 21 a"
2174,VE 2000 - POSTOJNA,VO 2007 - ILIRSKA BISTRICA,2,"Prostori Društva Sožitje, Levstikova 5,  Il. Bist"
2199,VE 2000 - POSTOJNA,VO 2007 - ILIRSKA BISTRICA,27,"Račice, Na plesišču"
2332,VE 2000 - POSTOJNA,VO 2008 - POSTOJNA,16,"Srednja gozda., lesar. in zdrav. šola Postojna"
2334,VE 2000 - POSTOJNA,VO 2008 - POSTOJNA,19,"Mala dvorana KD Postojna, Gregorčičev drev. 2b, Po"
2617,VE 2000 - POSTOJNA,VO 2010 - NOVA GORICA 2,5,"Mestna občina NG-sejna dvorana, Trg E. Kardelja 1"
2622,VE 2000 - POSTOJNA,VO 2010 - NOVA GORICA 2,10,"Mestna občina NG-Sejna dvorana, Trg E. Kardelja 1"
2633,VE 2000 - POSTOJNA,VO 2010 - NOVA GORICA 2,21,"VDC - Želva, Ajševica 42, R. Dolina"
2634,VE 2000 - POSTOJNA,VO 2010 - NOVA GORICA 2,22,"Univerza v Novi Gorici, Vipavska c. 13, R. Dolina"
2638,VE 2000 - POSTOJNA,VO 2010 - NOVA GORICA 2,26,"Vrtec Julke Pavletič, Ulica L.Slokarja 8"
2916,VE 3000 - LJUBLJANA CENTER,VO 3001 - LOGATEC,37,"Medgen. center Gaber, C. Notr. odr. 45b, Stari trg"
3151,VE 3000 - LJUBLJANA CENTER,VO 3003 - LJUBLJANA VIČ-RUDNIK 1,8,"ZDD Notranje Gorice, Podpeška c. 380, Notranje G."
3152,VE 3000 - LJUBLJANA CENTER,VO 3003 - LJUBLJANA VIČ-RUDNIK 1,9,"ZDD Notranje Gorice, Podpeška c. 380, Notranje G."
3517,VE 3000 - LJUBLJANA CENTER,VO 3006 - LJUBLJANA VIČ-RUDNIK 4,20,"PGD Dvor, Dvor pri Polh. Grad. 23, Polhov Gradec"
3518,VE 3000 - LJUBLJANA CENTER,VO 3006 - LJUBLJANA VIČ-RUDNIK 4,21,"PGD Zalog, Setnik 5 b, Polhov Gradec"
3520,VE 3000 - LJUBLJANA CENTER,VO 3006 - LJUBLJANA VIČ-RUDNIK 4,23,"Tehnološki park LJ, Tehnološki park 19 (stavba B)"
3523,VE 3000 - LJUBLJANA CENTER,VO 3006 - LJUBLJANA VIČ-RUDNIK 4,26,"Tehnološki park LJ, Tehnološki park 19 (stavba B)"
4106,VE 3000 - LJUBLJANA CENTER,VO 3011 - LJUBLJANA ŠIŠKA 4,30,"OŠ Šmartno, C. v Gameljne 7, Lj. Šmartno"
4107,VE 3000 - LJUBLJANA CENTER,VO 3011 - LJUBLJANA ŠIŠKA 4,31,"OŠ Šmartno, C. v Gameljne 7, Lj. Šmartno"
4108,VE 3000 - LJUBLJANA CENTER,VO 3011 - LJUBLJANA ŠIŠKA 4,32,"OŠ Šmartno, C. v Gameljne 7, Lj. Šmartno"
4110,VE 3000 - LJUBLJANA CENTER,VO 3011 - LJUBLJANA ŠIŠKA 4,34,"GD Stanežiče, Stanežiče 64, Lj. Šentvid"
4111,VE 3000 - LJUBLJANA CENTER,VO 3011 - LJUBLJANA ŠIŠKA 4,35,"GD Medno, Medno 79, Lj. Šentvid"
4207,VE 4000 - LJUBLJANA BEŽIGRAD,VO 4001 - KOČEVJE,1,"Polom, Polom bš - VD"
4211,VE 4000 - LJUBLJANA BEŽIGRAD,VO 4001 - KOČEVJE,9,"v Kočevju, Roška cesta 10 - GD"
4350,VE 4000 - LJUBLJANA BEŽIGRAD,VO 4002 - RIBNICA-DOBREPOLJE,17,"Gasilski dom, Otavice 5, Dolenja vas"
4372,VE 4000 - LJUBLJANA BEŽIGRAD,VO 4002 - RIBNICA-DOBREPOLJE,40,"OŠ Sodražica, CNO 10, Sodražica"
4382,VE 4000 - LJUBLJANA BEŽIGRAD,VO 4002 - RIBNICA-DOBREPOLJE,50,"PRIZMA PONIKVE, Ponikve 76, Videm Dobrepolje"
4595,VE 4000 - LJUBLJANA BEŽIGRAD,VO 4004 - IVANČNA GORICA,1,"ZADRUŽNI HRAM I., C. 2. grupe odr. 17, Iv. Gorica"
4596,VE 4000 - LJUBLJANA BEŽIGRAD,VO 4004 - IVANČNA GORICA,2,"ZADRUŽNI HRAM II., C. 2.grupe odr. 17, Iv. Gorica"
4597,VE 4000 - LJUBLJANA BEŽIGRAD,VO 4004 - IVANČNA GORICA,3,"ZD IV. GORICA, C. 2.grupe odr. 16a, Iv. Gorica"
5321,VE 4000 - LJUBLJANA BEŽIGRAD,VO 4010 - DOMŽALE 1,13,"GD Rova, Žiška c.10, Rova"
5331,VE 4000 - LJUBLJANA BEŽIGRAD,VO 4010 - DOMŽALE 1,23,"Večnamenski objekt, Češnjice 8, Blagovica"
5559,VE 5000 - CELJE,VO 5001 - ŠENTJUR,4,"Bobnar, Pletovarje 3a, Dramlje"
5561,VE 5000 - CELJE,VO 5001 - ŠENTJUR,7,"GD Dolga Gora, Dolga Gora 50b, Ponikva"
5566,VE 5000 - CELJE,VO 5001 - ŠENTJUR,12,"GD Dobrina, Dobrina 6b, Loka pri Žusmu"
5568,VE 5000 - CELJE,VO 5001 - ŠENTJUR,17,"KD Šentvid, Šentvid 6, Planina pri Sevnici"
5569,VE 5000 - CELJE,VO 5001 - ŠENTJUR,18,"OŠ B. Kocena, Ponikva 29a, Ponikva"
5570,VE 5000 - CELJE,VO 5001 - ŠENTJUR,19,"V prostorih Slovenskih železnic, Hotunje 1,Ponikva"
5571,VE 5000 - CELJE,VO 5001 - ŠENTJUR,20,"Lavbič, Lutrje 16, Ponikva"
5573,VE 5000 - CELJE,VO 5001 - ŠENTJUR,22,"Gostišče Obrez Milan, Žegar 2, Prevorje"
5575,VE 5000 - CELJE,VO 5001 - ŠENTJUR,24,"GVD Javorje, Javorje bš, Gorica pri Slivnici"
5576,VE 5000 - CELJE,VO 5001 - ŠENTJUR,25,"GD Paridol, Paridol bš, Gorica pri Slivnici"
5577,VE 5000 - CELJE,VO 5001 - ŠENTJUR,26,"Krajnc, Voduce 22a, Gorica pri Slivnici"
5578,VE 5000 - CELJE,VO 5001 - ŠENTJUR,27,"Dom Gabernica, Slivnica bš, Gorica pri Slivnici"
5579,VE 5000 - CELJE,VO 5001 - ŠENTJUR,28,"GD Bukovje, Bukovje bš, Gorica pri Slivnici"
5583,VE 5000 - CELJE,VO 5001 - ŠENTJUR,32,"Trgov.Julija-Recko Milena, C.Kozj.odr. 104,Šentjur"
5587,VE 5000 - CELJE,VO 5001 - ŠENTJUR,39,"OŠ F. Malgaja, Ul. skl. Ipavcev 2, Šentjur"
5685,VE 5000 - CELJE,VO 5002 - CELJE 1,3,"Sedež MČ Hudinja, Ul. F. žrtev 17/a, Celje"
5701,VE 5000 - CELJE,VO 5002 - CELJE 1,24,"GD Prožinska vas, Prožinska vas 33, Štore"
5705,VE 5000 - CELJE,VO 5002 - CELJE 1,29,"KD Štore, C. XIV. divizije 29, Štore"
5713,VE 5000 - CELJE,VO 5002 - CELJE 1,44,"Večnamenska dvorana, POŠ Nova Cerkev 41"
5820,VE 5000 - CELJE,VO 5003 - CELJE 2,4,"Franc Draksler, Tremerje 13, Tremerje"
5826,VE 5000 - CELJE,VO 5003 - CELJE 2,15,"Don Boskov center, Don Boskov trg 1, Celje"
5834,VE 5000 - CELJE,VO 5003 - CELJE 2,26,"Družbeni prostori, Ul.V.prekomor.brigade 4, Celje"
5837,VE 5000 - CELJE,VO 5003 - CELJE 2,31,"Sedež MČ, Ulica bratov Vošnjakov 1, Celje"
5838,VE 5000 - CELJE,VO 5003 - CELJE 2,32,"Sedež MČ, Ulica bratov Vošnjakov 1, Celje"
5939,VE 5000 - CELJE,VO 5004 - ŽALEC 1,6,"OŠ Šempeter Volišče I, Šolska 2, Šempeter v S.d."
5940,VE 5000 - CELJE,VO 5004 - ŽALEC 1,7,"OŠ Šempeter, Volišče II, Šolska 2, Šempeter v S.d"
6057,VE 5000 - CELJE,VO 5005 - ŽALEC 2,10,"Vrtec Pongrac, Pongrac 95b"
6181,VE 5000 - CELJE,VO 5006 - MOZIRJE,1,"KD Bočna, Bočna, Bočna 63"
6182,VE 5000 - CELJE,VO 5006 - MOZIRJE,2,"Galerija Štekl, Gornji Grad, Attemsov trg 2"
6183,VE 5000 - CELJE,VO 5006 - MOZIRJE,3,"KD Šmiklavž, Nova Štifta, Šmiklavž 3"
6184,VE 5000 - CELJE,VO 5006 - MOZIRJE,4,"OŠ Ljubno, Ljubno ob Savinji, Cesta v Rastke 10"
6190,VE 5000 - CELJE,VO 5006 - MOZIRJE,10,"Center Rinka, Sejna soba, Solčava 29"
6193,VE 5000 - CELJE,VO 5006 - MOZIRJE,13,"Upravni center Mozirje, Mozirje, Šmihelska c. 2"
6203,VE 5000 - CELJE,VO 5006 - MOZIRJE,23,"DK Nazarje, Nazarje, Savinjska c. 2"
6305,VE 5000 - CELJE,VO 5007 - VELENJE 1,8,"Prostori MČ LBZ, Cesta F. Foita 2"
6307,VE 5000 - CELJE,VO 5007 - VELENJE 1,11,"Selo, PE Jakopec, Kosovelova 16"
6420,VE 5000 - CELJE,VO 5008 - VELENJE 2,11,"KS Skorno-Florjan, Skorno pri Š. 55a"
6421,VE 5000 - CELJE,VO 5008 - VELENJE 2,12,"Gostišče Acman, Skorno pri Š. 62a"
6533,VE 5000 - CELJE,VO 5009 - SLOVENJ GRADEC,3,"KD Šentilj, Šentilj pod Turjakom 45"
6547,VE 5000 - CELJE,VO 5009 - SLOVENJ GRADEC,17,"OŠ Razbor, Zgornji Razbor 8"
6548,VE 5000 - CELJE,VO 5009 - SLOVENJ GRADEC,18,"Praprotnik Rihter, Spodnji Razbor 48"
6550,VE 5000 - CELJE,VO 5009 - SLOVENJ GRADEC,20,"PGD Šmartno, Šmartno pri Slov. Gradcu 70"
6660,VE 5000 - CELJE,VO 5010 - RAVNE NA KOROŠKEM,10,"Pri Karničniku v Jazbini, Jazbina 13, Črna na K."
6665,VE 5000 - CELJE,VO 5010 - RAVNE NA KOROŠKEM,15,"Oš Koroški jeklarji 1, Javornik 35, Ravne na K."
6666,VE 5000 - CELJE,VO 5010 - RAVNE NA KOROŠKEM,16,"Oš Koroški jeklarji 2, Javornik 35, Ravne na K."
6669,VE 5000 - CELJE,VO 5010 - RAVNE NA KOROŠKEM,19,"Občina Ravne na Koroškem 1, Gačnikova pot 5, Ravne"
6670,VE 5000 - CELJE,VO 5010 - RAVNE NA KOROŠKEM,20,"Občina Ravne na Koroškem 2, Gačnikova pot 5, Ravne"
6671,VE 5000 - CELJE,VO 5010 - RAVNE NA KOROŠKEM,21,"Čistilna naprava Ravne, Dobrije 9a, Ravne na Kor."
6672,VE 5000 - CELJE,VO 5010 - RAVNE NA KOROŠKEM,22,"Kmetija Ajnžik, Tolsti Vrh p. R. na K. - del 49"
6675,VE 5000 - CELJE,VO 5010 - RAVNE NA KOROŠKEM,25,"Dobja vas - MPIK1, Dobja vas 185, Ravne na Kor."
6788,VE 5000 - CELJE,VO 5011 - RADLJE,7,"Podružnična šola Ojstrica, Ojstrica 27, Dravograd"
6789,VE 5000 - CELJE,VO 5011 - RADLJE,8,"Jamnik Otiški Vrh, Otiški Vrh 56, Šentjanž pri Dr"
6790,VE 5000 - CELJE,VO 5011 - RADLJE,9,"Župnišče Šempeter, Otiški Vrh 92, Šentjanž pri Dr"
6793,VE 5000 - CELJE,VO 5011 - RADLJE,12,"Bičivnek, Libeliče bš, Libeliče"
6803,VE 5000 - CELJE,VO 5011 - RADLJE,22,"Podružnična šola Lehen, Lehen na Poh. 49, Podvelka"
6804,VE 5000 - CELJE,VO 5011 - RADLJE,23,"OŠ Ribnica na Pohorju, Ribnica na Poh. 29"
6811,VE 5000 - CELJE,VO 5011 - RADLJE,30,"KS Sv. Anton na Pohorju, Sv. Anton na Poh. 59"
6817,VE 5000 - CELJE,VO 5011 - RADLJE,36,"DK Sv. Primož na Pohorju, Sv.Primož na Poh. 22"
6818,VE 5000 - CELJE,VO 5011 - RADLJE,37,"Gostišče Prodnar, Sv. Primož na Poh. 1, Vuzenica"
6918,VE 6000 - NOVO MESTO,VO 6001 - ČRNOMELJ,4,"OŠ M. Jarca, Ul. O. Župančiča 8, 8340 Črnomelj"
6934,VE 6000 - NOVO MESTO,VO 6001 - ČRNOMELJ,20,"GD Radenci, G. Radenci 7a,8242 Stari trg ob Kolpi"
6942,VE 6000 - NOVO MESTO,VO 6001 - ČRNOMELJ,28,"GD Hrast pri Vinici, H. pri Vinici 18,8344 Vinica"
6944,VE 6000 - NOVO MESTO,VO 6001 - ČRNOMELJ,30,"Stara Lipa pri Tomec J., S. Lipa 1a, 8344 Vinica"
6946,VE 6000 - NOVO MESTO,VO 6001 - ČRNOMELJ,32,"GD Zilje, Zilje 37, 8344 Vinica"
6954,VE 6000 - NOVO MESTO,VO 6001 - ČRNOMELJ,40,"GD Dolnja Lokvica, Do. Lokvica 2a, 8330 Metlika"
6955,VE 6000 - NOVO MESTO,VO 6001 - ČRNOMELJ,41,"MC Metlika, CBE 43, 8330  Metlika"
6957,VE 6000 - NOVO MESTO,VO 6001 - ČRNOMELJ,43,"Metlika STATUS doo, Ul.Bel.odreda 19, 8330 Metlika"
6968,VE 6000 - NOVO MESTO,VO 6001 - ČRNOMELJ,54,"GD Spodnje Gorenjce, Sp.Gorenjce 32, 8333 Semič"
7070,VE 6000 - NOVO MESTO,VO 6002 - NOVO MESTO 1,1,"OŠ Šmihel, Podr. šola Birčna vas, Birčna vas 1"
7071,VE 6000 - NOVO MESTO,VO 6002 - NOVO MESTO 1,2,"KC Dol.Toplice, Sokolski trg 4, 8350 Dol. Toplice"
7072,VE 6000 - NOVO MESTO,VO 6002 - NOVO MESTO 1,3,"GD Dolž, Lipnica 5, 8000 Novo mesto"
7074,VE 6000 - NOVO MESTO,VO 6002 - NOVO MESTO 1,5,"KD Gomile, Gomile 10, 8321 Brusnice"
7077,VE 6000 - NOVO MESTO,VO 6002 - NOVO MESTO 1,8,"KD Šmarjeta-dvorana,Šmarjeta 66, 8220 Šm. Toplice"
7089,VE 6000 - NOVO MESTO,VO 6002 - NOVO MESTO 1,24,"GD Soteska, Soteska 38,8351 Straža pri Novem mest"
7100,VE 6000 - NOVO MESTO,VO 6002 - NOVO MESTO 1,38,"GD Dol. Mokro Polje, D.M.Polje 4, 8310 Šentjernej"
7101,VE 6000 - NOVO MESTO,VO 6002 - NOVO MESTO 1,39,"GD Dol. Maharovec, D.Maharovec 19,8310 Šentjernej"
7114,VE 6000 - NOVO MESTO,VO 6002 - NOVO MESTO 1,53,"GD Šmihel pri Žužemberku, Šm. pri  Žužemberku 38"
7119,VE 6000 - NOVO MESTO,VO 6002 - NOVO MESTO 1,58,"GD Žvirče, Žvirče bš, 8362 Hinje"
7120,VE 6000 - NOVO MESTO,VO 6002 - NOVO MESTO 1,59,"OŠ Žužemberk, Podr. šola Dvor, 23d, 8361 Dvor"
7239,VE 6000 - NOVO MESTO,VO 6003 - NOVO MESTO 2,28,"Matjaževa domačija, Paha 3, 8222 Otočec "
7348,VE 6000 - NOVO MESTO,VO 6004 - TREBNJE,6,"OŠ Dol.Nemška vas II.,Dol.Nem.vas 21, 8210Trebnje"
7356,VE 6000 - NOVO MESTO,VO 6004 - TREBNJE,16,"KUČIČ DANIJEL, Gor. Laknice 15a, 8230 MOKRONOG"
7358,VE 6000 - NOVO MESTO,VO 6004 - TREBNJE,18,"GD Mokronog, Florijanska c. 33, 8230 Mokronog"
7360,VE 6000 - NOVO MESTO,VO 6004 - TREBNJE,20,"GD Račje selo, Račjo selo 20, 8210 Trebnje"
7361,VE 6000 - NOVO MESTO,VO 6004 - TREBNJE,21,"GD Sela Šumberk, Sela pri Šum. 32, 8360 Žužemberk"
7364,VE 6000 - NOVO MESTO,VO 6004 - TREBNJE,24,"KD Šentlovrenc, Šentlovrenc 15a, 8212 Velika Loka"
7365,VE 6000 - NOVO MESTO,VO 6004 - TREBNJE,25,"GD Dol. Jesenice, Dol.Jesenice 17,8232 Šentrupert"
7380,VE 6000 - NOVO MESTO,VO 6004 - TREBNJE,40,"Bregar Janez, Stehanja vas 14, 8213 Velik Gaber"
7382,VE 6000 - NOVO MESTO,VO 6004 - TREBNJE,42,"KS Veliki Gaber, Veliki Gaber 90,8213Veliki Gaber"
7480,VE 6000 - NOVO MESTO,VO 6005 - BREŽICE,1,"Občina Brežice, CPB 18, 8250 Brežice"
7488,VE 6000 - NOVO MESTO,VO 6005 - BREŽICE,9,"Nogometni stadion, C.b.Milavcev 18, 8250  Brežice"
7489,VE 6000 - NOVO MESTO,VO 6005 - BREŽICE,10,"(I)GD Šentlenart, C.b. Milavcev 105, 8250 Brežice"
7490,VE 6000 - NOVO MESTO,VO 6005 - BREŽICE,11,"(II)GD Šentlenart, C.b.Milavcev 105, 8250 Brežice"
7497,VE 6000 - NOVO MESTO,VO 6005 - BREŽICE,18,"Večnamenski d. Pišece, Pišece 27a, 8255 Pišece"
7500,VE 6000 - NOVO MESTO,VO 6005 - BREŽICE,21,"GD Mali Obrež, Mali Obrež 16a, 8257 Dobova"
7501,VE 6000 - NOVO MESTO,VO 6005 - BREŽICE,22,"GD Veliki Obrež, Veliki Obrež 13, 8257 Dobova"
7505,VE 6000 - NOVO MESTO,VO 6005 - BREŽICE,26,"KS Dobova, Ul. b. Gerjovičev 48, 8257 Dobova"
7509,VE 6000 - NOVO MESTO,VO 6005 - BREŽICE,30,"GD Rakovec, Rakovec 15, 8258 Kapele"
7510,VE 6000 - NOVO MESTO,VO 6005 - BREŽICE,31,"GD Župelevec, Župelevec 53a, 8258 Kapele"
7511,VE 6000 - NOVO MESTO,VO 6005 - BREŽICE,32,"OŠ Bizeljsko, Bizeljska c. 78, 8259 Bizeljsko"
7512,VE 6000 - NOVO MESTO,VO 6005 - BREŽICE,33,"GD Orešje, Orešje na Biz. 59, 8259 Bizeljsko"
7514,VE 6000 - NOVO MESTO,VO 6005 - BREŽICE,35,"GD Cerklje, Cerklje ob K. 56, 8263 Cerklje ob K."
7515,VE 6000 - NOVO MESTO,VO 6005 - BREŽICE,36,"OŠ Cerklje, Cerklje ob K. 3, 8263 Cerklje ob K."
7516,VE 6000 - NOVO MESTO,VO 6005 - BREŽICE,37,"Nek. OŠ Bušeča v., Bušeča v.38,8263 Cerklje ob K."
7517,VE 6000 - NOVO MESTO,VO 6005 - BREŽICE,38,"GD D.Pirošica, D.Pirošica 4a, 8263 Cerklje ob K."
7521,VE 6000 - NOVO MESTO,VO 6005 - BREŽICE,42,"GD Skopice, G. Skopice 1, 8262 Krška vas"
7522,VE 6000 - NOVO MESTO,VO 6005 - BREŽICE,43,"DK V. Malence, V. Malence 18a, 8262 Krška vas"
7523,VE 6000 - NOVO MESTO,VO 6005 - BREŽICE,44,"Nek. OŠ Mrzlava vas, Mrzlava v. 21a,8262 Krška v."
7524,VE 6000 - NOVO MESTO,VO 6005 - BREŽICE,45,"KS V. Dolina, V. Dolina 9, 8261 Jesenice na Dol."
7525,VE 6000 - NOVO MESTO,VO 6005 - BREŽICE,46,"Prosvetni dom, V. Dolina 34, 8261 Jesenice na Dol."
7526,VE 6000 - NOVO MESTO,VO 6005 - BREŽICE,47,"KS Jesenice, Jesenice 11a, 8261 Jesenice na Dol."
7527,VE 6000 - NOVO MESTO,VO 6005 - BREŽICE,48,"GD Obrežje, Obrežje 32, 8261 Jesenice na Dol."
7663,VE 6000 - NOVO MESTO,VO 6006 - KRŠKO,45,"GD Velika vas, Gorenja vas pri Leskovcu 30"
7787,VE 6000 - NOVO MESTO,VO 6007 - SEVNICA,15,"GD Breg, Šentjur na Polju 18 A"
7808,VE 6000 - NOVO MESTO,VO 6007 - SEVNICA,36,"GD Zabukovje nad Sevnico, Zabukovje nad S. 16 D"
7810,VE 6000 - NOVO MESTO,VO 6007 - SEVNICA,38,"Podgorje - Janez Podlesnik, Podgorje ob S. 17 B"
7919,VE 6000 - NOVO MESTO,VO 6008 - LAŠKO,7,"Zvonka Dečman, Lahomšek 4"
8048,VE 6000 - NOVO MESTO,VO 6009 - LITIJA,8,"ZD Litija, Partizanska p. 8a"
8057,VE 6000 - NOVO MESTO,VO 6009 - LITIJA,17,"DK Konjšica, Konjšica - del 14"
8062,VE 6000 - NOVO MESTO,VO 6009 - LITIJA,22,"GD Štangarske Poljane, Štang. Poljane 1a"
8070,VE 6000 - NOVO MESTO,VO 6009 - LITIJA,30,"DK Gradišče, Gradišče-K. o. Št. Lovrenc 10"
8174,VE 6000 - NOVO MESTO,VO 6010 - HRASTNIK-TRBOVLJE,2,"DRUŠTVO UPOKOJENCEV HRASTNIK, N.A. Kaple 6a"
8181,VE 6000 - NOVO MESTO,VO 6010 - HRASTNIK-TRBOVLJE,9,"OŠ NH RAJKA HRASTNIK, PODRUŽNICA DOL PRI HRASTNIK"
8182,VE 6000 - NOVO MESTO,VO 6010 - HRASTNIK-TRBOVLJE,10,"OŠ NH RAJKA HRASTNIK, PODRUŽNICA DOL PRI HRASTNIKU"
8194,VE 6000 - NOVO MESTO,VO 6010 - HRASTNIK-TRBOVLJE,22,"Delavski Dom Trbovlje, Trg svobode 11a, avla doma"
8197,VE 6000 - NOVO MESTO,VO 6010 - HRASTNIK-TRBOVLJE,25,"Dom upokojencev Franc Salamon, Kol.1.maja 21"
8204,VE 6000 - NOVO MESTO,VO 6010 - HRASTNIK-TRBOVLJE,32,"ŠD Rudar, Rudarska cesta 6, vhod spodaj"
8206,VE 6000 - NOVO MESTO,VO 6010 - HRASTNIK-TRBOVLJE,34,"Osnovna šola Trbovlje, Mestni trg 6, telovadnica"
8326,VE 6000 - NOVO MESTO,VO 6011 - ZAGORJE,21,"hiša Sotenšek Doroteje, Jesenovo 31, Čemšenik"
8337,VE 6000 - NOVO MESTO,VO 6011 - ZAGORJE,35,"PGD Padež, Padež 1, Podkum"
8338,VE 6000 - NOVO MESTO,VO 6011 - ZAGORJE,36,"Športno društvo Šklendrovec, ID 1889-1019, Podkum"
8434,VE 7000 - MARIBOR,VO 7001 - ŠMARJE PRI JELŠAH,1,"KD B.ob Sotli, B. ob Sotli 9, 3256 B. ob Sotli"
8435,VE 7000 - MARIBOR,VO 7001 - ŠMARJE PRI JELŠAH,2,"GD Buče, Vr. Gorca 4a, 3255 Buče"
8438,VE 7000 - MARIBOR,VO 7001 - ŠMARJE PRI JELŠAH,5,"DK Osredek, Osr./Podsredi 19a, 3257 Podsreda"
8443,VE 7000 - MARIBOR,VO 7001 - ŠMARJE PRI JELŠAH,10,"DKG Polje ob Sotli,  Polje ob Sotli 4, 3255 Buče"
8444,VE 7000 - MARIBOR,VO 7001 - ŠMARJE PRI JELŠAH,11,"TPOŠ Pristava, Pr./Mestinju 27, 3253 Pr./Mestinju"
8448,VE 7000 - MARIBOR,VO 7001 - ŠMARJE PRI JELŠAH,15,"Rusl Jožef, Brestovec 1, 3250 Rog. Slatina"
8449,VE 7000 - MARIBOR,VO 7001 - ŠMARJE PRI JELŠAH,16,"Debelak Marija, Topole 26, 3250 Rog. Slatina"
8450,VE 7000 - MARIBOR,VO 7001 - ŠMARJE PRI JELŠAH,17,"Kovačič Marija, Kamence 24, 3250 Rog. Slatina"
8451,VE 7000 - MARIBOR,VO 7001 - ŠMARJE PRI JELŠAH,18,"GD, Prvomajska ul.15a, 3250 Rog. Slatina "
8452,VE 7000 - MARIBOR,VO 7001 - ŠMARJE PRI JELŠAH,19,"II.OŠ Rog. Sl., Ul. Kozj. odr. 4,3250 Rog.Slatina"
8453,VE 7000 - MARIBOR,VO 7001 - ŠMARJE PRI JELŠAH,20,"Golub Zvonimir, Sp. Negonje 18, 3250 Rog. Slatina"
8454,VE 7000 - MARIBOR,VO 7001 - ŠMARJE PRI JELŠAH,21,"I.OŠ Rog. Sl., Kidričeva ul. 24,3250 Rog. Slatina"
8455,VE 7000 - MARIBOR,VO 7001 - ŠMARJE PRI JELŠAH,22,"Servis Žgajner, Sp. Sečovo 14, 3250 Rog. Slatina"
8456,VE 7000 - MARIBOR,VO 7001 - ŠMARJE PRI JELŠAH,23,"Vrtni center, Cer. p. Bočem 22a,3250 Rog. Slatina"
8457,VE 7000 - MARIBOR,VO 7001 - ŠMARJE PRI JELŠAH,24,"GD PGD Steklarna, Ul. talcev 1, 3250 Rog. Slatina"
8458,VE 7000 - MARIBOR,VO 7001 - ŠMARJE PRI JELŠAH,25,"KC Rog. Slatina, Celjska c. 3a, 3250 Rog. Slatina"
8459,VE 7000 - MARIBOR,VO 7001 - ŠMARJE PRI JELŠAH,26,"OŠ Sv. Florijan, Sv Florijan 60,3250 Rog. Slatina"
8460,VE 7000 - MARIBOR,VO 7001 - ŠMARJE PRI JELŠAH,27,"POŠ Dobovec, Dob./Rogatcu 35c, 3252 Rogatec"
8463,VE 7000 - MARIBOR,VO 7001 - ŠMARJE PRI JELŠAH,30,"Marjan Petauer, Dol/Pristavi 2b,3253 Pr./Mestinju"
8464,VE 7000 - MARIBOR,VO 7001 - ŠMARJE PRI JELŠAH,31,"GKD Kristan vrh, Kristan Vrh 53a, 3241 Podplat"
8467,VE 7000 - MARIBOR,VO 7001 - ŠMARJE PRI JELŠAH,34,"DKG Sl. Gora, Sl. Gora 3c, 3240 Šm./Jelšah"
8468,VE 7000 - MARIBOR,VO 7001 - ŠMARJE PRI JELŠAH,35,"GD Sv. Štefan, Sv. Štefan 51, 3264 Sv. Štefan"
8472,VE 7000 - MARIBOR,VO 7001 - ŠMARJE PRI JELŠAH,39,"KD Šm./Jelšah, Aškerčev trg 20, 3240 Šm./Jelšah"
8473,VE 7000 - MARIBOR,VO 7001 - ŠMARJE PRI JELŠAH,40,"VD na Tinskem pri igrišču, bš, 3223 Loka/Žusmu"
8474,VE 7000 - MARIBOR,VO 7001 - ŠMARJE PRI JELŠAH,41,"GD Zibika, Zibika 4a, 3253 Prist/Mestinju"
8475,VE 7000 - MARIBOR,VO 7001 - ŠMARJE PRI JELŠAH,42,"GD Šm./Jelšah, Obrtniška ul. 4, 3240 Šm./Jelšah"
8476,VE 7000 - MARIBOR,VO 7001 - ŠMARJE PRI JELŠAH,43,"Anderlič Bojan, Dragomilo 11, 3240 Šm./Jelšah"
8477,VE 7000 - MARIBOR,VO 7001 - ŠMARJE PRI JELŠAH,44,"Martin Stoklas, Dvor 14, 3240 Šm./Jelšah"
8478,VE 7000 - MARIBOR,VO 7001 - ŠMARJE PRI JELŠAH,45,"Fajs Damjan, Senovica 39, 3240 Šm./Jelšah"
8479,VE 7000 - MARIBOR,VO 7001 - ŠMARJE PRI JELŠAH,46,"Lorger Sabina, Vrh 16, 3240 Šm./Jelšah"
8480,VE 7000 - MARIBOR,VO 7001 - ŠMARJE PRI JELŠAH,47,"Orač Martin bivša trg., Ješovec 7, 3240 Šm./Jelšah"
8579,VE 7000 - MARIBOR,VO 7002 - SLOVENSKA BISTRICA,4,"Tirgot, KS Impol, Levstikova ul. 2"
8584,VE 7000 - MARIBOR,VO 7002 - SLOVENSKA BISTRICA,9,"Srednja šola, Ul. Dr. Jožeta Pučnika 21"
8596,VE 7000 - MARIBOR,VO 7002 - SLOVENSKA BISTRICA,24,"Avguštin Zdenka, Tinjska Gora 10"
8608,VE 7000 - MARIBOR,VO 7002 - SLOVENSKA BISTRICA,45,"Prostori društva za šport Žabljek, Žabljek b.š."
8617,VE 7000 - MARIBOR,VO 7002 - SLOVENSKA BISTRICA,57,"Vrabič Gabrijel, Varoš 34"
8621,VE 7000 - MARIBOR,VO 7002 - SLOVENSKA BISTRICA,61,"Skledar Štefka, Štatenberg 66a"
8622,VE 7000 - MARIBOR,VO 7002 - SLOVENSKA BISTRICA,62,"Športna dvorana Milenij, Ul. Poh. bataljona 19"
8730,VE 7000 - MARIBOR,VO 7003 - SLOVENSKE KONJICE,1,"Dom krajanov Bezina, Strtenik 12a, Slov. Konjice"
8731,VE 7000 - MARIBOR,VO 7003 - SLOVENSKE KONJICE,2,"Dom krajanov v Gaju, Vešenik 7c, Slov. Konjice"
8733,VE 7000 - MARIBOR,VO 7003 - SLOVENSKE KONJICE,4,"Pisarna KS Konjiška vas, K. vas 6a, Slov. Konjice"
8737,VE 7000 - MARIBOR,VO 7003 - SLOVENSKE KONJICE,8,"GOSTIŠČE ULIPI, ZEČE 35, SLOV. KONJICE"
8738,VE 7000 - MARIBOR,VO 7003 - SLOVENSKE KONJICE,9,"Dom krajanov Draža vas, D. vas 38a, Loče"
8740,VE 7000 - MARIBOR,VO 7003 - SLOVENSKE KONJICE,11,"Dom krajanov Jernej, Sv. Jernej 19, Loče"
8742,VE 7000 - MARIBOR,VO 7003 - SLOVENSKE KONJICE,13,"Dom krajanov Zbelovo, Zbelovo 30a, Loče"
8743,VE 7000 - MARIBOR,VO 7003 - SLOVENSKE KONJICE,14,"Dom krajanov, Sp. Grušovje 30, Slov. Konjice"
8744,VE 7000 - MARIBOR,VO 7003 - SLOVENSKE KONJICE,15,"Dom krajanov Tepanje, Tepanje 23, Slov. Konjice"
8745,VE 7000 - MARIBOR,VO 7003 - SLOVENSKE KONJICE,16,"DVORANA KONJIČANKA, STARI TRG 41, SLOV. KONJICE"
8746,VE 7000 - MARIBOR,VO 7003 - SLOVENSKE KONJICE,17,"OŠ Pod goro, Šolska ul. 3, Slov. Konjice"
8747,VE 7000 - MARIBOR,VO 7003 - SLOVENSKE KONJICE,18,"Kulturni dom, Mestni trg 4, Slov. Konjice"
8753,VE 7000 - MARIBOR,VO 7003 - SLOVENSKE KONJICE,27,"Občina Vitanje, Grajski trg 1, Vitanje"
8758,VE 7000 - MARIBOR,VO 7003 - SLOVENSKE KONJICE,32,"Center Noordung, Na vasi 18, Vitanje"
8759,VE 7000 - MARIBOR,VO 7003 - SLOVENSKE KONJICE,33,"Zeleni apartma, Loška gora pri Zrečah 39, Zreče"
8878,VE 7000 - MARIBOR,VO 7004 - RUŠE,22,"DLO Duh, Sv. Duh na Ostr. vrhu 47"
8979,VE 7000 - MARIBOR,VO 7005 - MARIBOR 1,3,"Vrtec Borisa Pečeta, enota Bresternica, Na Gaj 4"
8982,VE 7000 - MARIBOR,VO 7005 - MARIBOR 1,8,"Vrtec Studenci, enota Pekre, Bezjakova ul. 2"
8983,VE 7000 - MARIBOR,VO 7005 - MARIBOR 1,9,"Vrtec Studenci, enota Pekre, Bezjakova ul. 2"
8992,VE 7000 - MARIBOR,VO 7005 - MARIBOR 1,22,"Vaški dom Loka, Loka pri Framu 13"
9229,VE 7000 - MARIBOR,VO 7007 - MARIBOR 3,2,"Občina Duplek, Trg slovenske osamosvojitve 1"
9463,VE 7000 - MARIBOR,VO 7009 - MARIBOR 5,13,"OŠ borcev za severno mejo, Borcev za sev.mejo 16"
9569,VE 7000 - MARIBOR,VO 7010 - MARIBOR 6,9,"OŠ Tabor I, Ul. A. Tovornika 21"
9570,VE 7000 - MARIBOR,VO 7010 - MARIBOR 6,10,"ZD Nova vas, C. prol. brigad 71"
9573,VE 7000 - MARIBOR,VO 7010 - MARIBOR 6,14,"OŠ Tabor I, Ul. A. Tovornika 21"
9682,VE 7000 - MARIBOR,VO 7011 - MARIBOR 7,13,"OŠ borcev za sev. mejo, Borcev za sev. mejo 16"
9785,VE 8000 - PTUJ,VO 8001 - LENDAVA,4,"Črenšovci I,Kulturna dvorana, Ul. Prekm. čete 23"
9793,VE 8000 - PTUJ,VO 8001 - LENDAVA,12,"Gasilski dom, Pince, Lendavska cesta 45"
9794,VE 8000 - PTUJ,VO 8001 - LENDAVA,13,"Dolina - stara šola, Dolina, Glavna ul. 5"
9796,VE 8000 - PTUJ,VO 8001 - LENDAVA,15,"Petišovci I, gasilski dom, Rudarska ul. 24"
9797,VE 8000 - PTUJ,VO 8001 - LENDAVA,16,"Petišovci II, gasilski dom, Rudarska ul. 24"
9798,VE 8000 - PTUJ,VO 8001 - LENDAVA,17,"Večnam. objekt, Lendavske Gorice 222 (vaški dom)"
9799,VE 8000 - PTUJ,VO 8001 - LENDAVA,18,"Večnam. objekt, Lendavske Gorice 222 (vaški dom)"
9805,VE 8000 - PTUJ,VO 8001 - LENDAVA,24,"Mostje - NK Mostje, Mostje brez hš."
9806,VE 8000 - PTUJ,VO 8001 - LENDAVA,25,"DOŠ, Genterovci, Šolska ul.2"
9812,VE 8000 - PTUJ,VO 8001 - LENDAVA,31,"Stara šola Gornji Lakoš, G.Lakoš,Glavna ul.61"
9813,VE 8000 - PTUJ,VO 8001 - LENDAVA,32,"Vaški dom, Dolnji Lakoš, Gasilska ul. 1"
9815,VE 8000 - PTUJ,VO 8001 - LENDAVA,34,"Stara šola Kapca, Kapca, Glavna ul.6"
9816,VE 8000 - PTUJ,VO 8001 - LENDAVA,35,"Vaški dom Kot, Kot, Mlinska ulica 21"
9818,VE 8000 - PTUJ,VO 8001 - LENDAVA,37,"Odranci I, Vaški dom Odranci, Panonska ul.33"
9819,VE 8000 - PTUJ,VO 8001 - LENDAVA,38,"Odranci II, Vaški dom Odranci, Panonska ul.33"
9820,VE 8000 - PTUJ,VO 8001 - LENDAVA,39,"Odranci III, Vaški dom Odranci, Panonska ul.33"
9824,VE 8000 - PTUJ,VO 8001 - LENDAVA,43,"Turnišče I, Občina Turnišče, Ul. Št. Kovača 73"
9825,VE 8000 - PTUJ,VO 8001 - LENDAVA,44,"Dobrovnik II, DOŠ Dobrovnik,Dobrovnik 266j"
9826,VE 8000 - PTUJ,VO 8001 - LENDAVA,45,"Benica, zadružni dom, Pince Marof 30"
9827,VE 8000 - PTUJ,VO 8001 - LENDAVA,46,"Črenšovci II,Kulturna dvorana, Ul. Prekm. čete 23"
10087,VE 8000 - PTUJ,VO 8003 - LJUTOMER,20,"MORAVCI V SL. GOR.-BIOTERME, Moravci v Sl. gor.34b"
10199,VE 8000 - PTUJ,VO 8004 - MURSKA SOBOTA 1,8,"Vaško-kulturni dom Topolovci, Topolovci b.š."
10208,VE 8000 - PTUJ,VO 8004 - MURSKA SOBOTA 1,17,"Vaško-gasilski dom Gederovci, Gederovci b.š."
10210,VE 8000 - PTUJ,VO 8004 - MURSKA SOBOTA 1,19,"Vaško-gasilski dom Mur.Petrovci, Mur. Petrovci 24"
10211,VE 8000 - PTUJ,VO 8004 - MURSKA SOBOTA 1,20,"Vaško-gasilski dom Sodišinci, Sodišinci b.š."
10213,VE 8000 - PTUJ,VO 8004 - MURSKA SOBOTA 1,22,"Športni center Košarovci, Košarovci b.š."
10235,VE 8000 - PTUJ,VO 8004 - MURSKA SOBOTA 1,45,"Vaško-gasilski dom Dol.Slaveči, Dol. Slaveči 50"
10397,VE 8000 - PTUJ,VO 8005 - MURSKA SOBOTA 2,1,"Beltinci I, KD Beltinci, Ul. Štefana Kovača 1a"
10398,VE 8000 - PTUJ,VO 8005 - MURSKA SOBOTA 2,2,"Beltinci II, KD Beltinci., Ul. Štefana Kovača 1a"
10410,VE 8000 - PTUJ,VO 8005 - MURSKA SOBOTA 2,14,"Moravske Toplice I, Gasilski dom, Dolga ul. 63"
10411,VE 8000 - PTUJ,VO 8005 - MURSKA SOBOTA 2,15,"Moravske Toplice II, Gasilski dom, Dolga ul. 223"
10423,VE 8000 - PTUJ,VO 8005 - MURSKA SOBOTA 2,27,"Vaški dom Rakičan, Rakičan, Zvezna ul. 4"
10424,VE 8000 - PTUJ,VO 8005 - MURSKA SOBOTA 2,28,"MČ CENTER I, PIŠK M.Sobota, Zvezna ulica 10"
10425,VE 8000 - PTUJ,VO 8005 - MURSKA SOBOTA 2,29,"MČ CENTER II, PIŠK M.Sobota, Zvezna ulica 10"
10426,VE 8000 - PTUJ,VO 8005 - MURSKA SOBOTA 2,30,"MČ CENTER III, LU M.Sobota, Slomškova ulica 33"
10427,VE 8000 - PTUJ,VO 8005 - MURSKA SOBOTA 2,31,"MČ CENTER IV, LU M.Sobota, Slomškova ulica 33"
10430,VE 8000 - PTUJ,VO 8005 - MURSKA SOBOTA 2,34,"MČ PARK I, OŠ I M.Sobota, Ul. Štefana Kovača 32"
10431,VE 8000 - PTUJ,VO 8005 - MURSKA SOBOTA 2,35,"MČ PARK II, OŠ I M.Sobota, Ul. Štefana Kovača 32"
10433,VE 8000 - PTUJ,VO 8005 - MURSKA SOBOTA 2,37,"MČ PARTIZAN II, OŠ III,M.Sobota,Trstenjakova u.73"
10434,VE 8000 - PTUJ,VO 8005 - MURSKA SOBOTA 2,38,"MČ TUROPOLJE I, OŠ II, M.Sobota,Cankarjeva ul. 91"
10435,VE 8000 - PTUJ,VO 8005 - MURSKA SOBOTA 2,39,"MČ TUROPOLJE II, OŠ II M.Sobota,Cankarjeva ul. 91"
10540,VE 8000 - PTUJ,VO 8006 - GORNJA RADGONA,10,"Osnovna šola G. RADGONA, Prežihova ul. 1 - VHOD1"
10541,VE 8000 - PTUJ,VO 8006 - GORNJA RADGONA,11,"Osnovna šola G. RADGONA, Prežihova ul. 1 - VHOD3"
10555,VE 8000 - PTUJ,VO 8006 - GORNJA RADGONA,25,"Sv. JURIJ OB ŠČ., Bratka Krefta 14 - Stara občina"
10667,VE 8000 - PTUJ,VO 8007 - LENART,13,"Avla Občine Lenart, Trg osvobod. 7"
10668,VE 8000 - PTUJ,VO 8007 - LENART,14,"Center Slovenskih goric, Trg osvobod. 9"
11063,VE 8000 - PTUJ,VO 8010 - PTUJ 2,1,"Magistrat, Spr. pisarna, Mestni trg 1"
11064,VE 8000 - PTUJ,VO 8010 - PTUJ 2,2,"OŠ Olge Meglič, Telovadnica, Prešernova ul. 29"
11065,VE 8000 - PTUJ,VO 8010 - PTUJ 2,3,"Vrtec Ptuj, Enota Mačice, Potrčeva c. 9a"
11066,VE 8000 - PTUJ,VO 8010 - PTUJ 2,4,"Vrtec Ptuj, Enota Mačice, Potrčeva c. 9a"
11073,VE 8000 - PTUJ,VO 8010 - PTUJ 2,11,"Vrtec Ptuj, Enota Mačice, Potrčeva c. 9a"
11208,VE 8000 - PTUJ,VO 8011 - PTUJ 3,21,"Dvorana Lovrenc na Dr. p., Lovrenc na Dr. p. 8"
11221,VE 8000 - PTUJ,VO 8011 - PTUJ 3,37,"GD Medvedce, Medvedce 19a"
